signal_type,symbol,signal_date,confidence_score,trend_ok,location_ok,pattern_ok,volume_ok,entry_price,stop_price,target_price,invalid_reason,risk_tags,factors,base_score,score,name,signal_name,quality_score,quality_bucket,pretty_ok,market_ok,market_score,market_regime,market_positive_index_count,market_up_ratio,market_limit_up_count,market_limit_down_count,market_limit_up_down_ratio,market_index_details,sector_ok,sector_score,industry_name,industry_score,concept_names,concept_scores,sector_band,filter_ok
false_breakdown,300182,2026-03-16,95,True,True,True,True,6.309999942779541,6.150000095367432,9.46,,[],"{'support': 6.28, 'breakdown_date': '2026-03-13', 'reclaim_date': '2026-03-16', 'reclaim_in_time': True, 'support_source': 'swing_low', 'volume_ratio': 13.043704063982604, 'close_in_range': 1.0, 'break_pct': 0.02070062175677844}",85.5,88.5,捷成股份,假诱空,73.0,high,True,True,66.67,neutral,1,0.5497,2,0,2.0,"[{'name': '上证指数', 'close': 4095.45, 'ma20': 4121.8745, 'ma60': 4060.614333333333, 'trend_ok': False}, {'name': '沪深300', 'close': 4669.14, 'ma20': 4685.423, 'ma60': 4677.6196666666665, 'trend_ok': False}, {'name': '创业板指', 'close': 3310.28, 'ma20': 3285.1595, 'ma60': 3273.5275000000006, 'trend_ok': True}]",False,33.17,影视院线,5.89,"['创业板综', '小盘股', '深股通']","[33.17, 32.06, 31.59]",edge_low,True
false_breakdown,002185,2026-03-16,95,True,True,True,True,14.050000190734863,13.40999984741211,15.35,,[],"{'support': 13.87, 'breakdown_date': '2026-03-12', 'reclaim_date': '2026-03-16', 'reclaim_in_time': True, 'support_source': 'swing_low', 'volume_ratio': 16.133135724476976, 'close_in_range': 0.9411765530859765, 'break_pct': 0.03316511554346718}",85.5,88.5,华天科技,假诱空,73.0,high,True,True,66.67,neutral,1,0.5497,2,0,2.0,"[{'name': '上证指数', 'close': 4095.45, 'ma20': 4121.8745, 'ma60': 4060.614333333333, 'trend_ok': False}, {'name': '沪深300', 'close': 4669.14, 'ma20': 4685.423, 'ma60': 4677.6196666666665, 'trend_ok': False}, {'name': '创业板指', 'close': 3310.28, 'ma20': 3285.1595, 'ma60': 3273.5275000000006, 'trend_ok': True}]",False,33.5,电子,29.29,"['西部大开发', '深股通', '氮化镓']","[33.5, 31.59, 31.48]",edge_low,True
false_breakdown,600751,2026-03-16,95,True,True,True,True,4.320000171661377,3.9200000762939453,4.43,,[],"{'support': 4.08, 'breakdown_date': '2026-03-12', 'reclaim_date': '2026-03-16', 'reclaim_in_time': True, 'support_source': 'swing_low', 'volume_ratio': 17.969139869770803, 'close_in_range': 1.0, 'break_pct': 0.03921566757501342}",85.5,88.5,海航科技,假诱空,73.0,high,True,True,66.67,neutral,1,0.5497,2,0,2.0,"[{'name': '上证指数', 'close': 4095.45, 'ma20': 4121.8745, 'ma60': 4060.614333333333, 'trend_ok': False}, {'name': '沪深300', 'close': 4669.14, 'ma20': 4685.423, 'ma60': 4677.6196666666665, 'trend_ok': False}, {'name': '创业板指', 'close': 3310.28, 'ma20': 3285.1595, 'ma60': 3273.5275000000006, 'trend_ok': True}]",False,33.95,交通运输,22.74,"['京津冀', 'AB股', '小盘股']","[33.95, 33.54, 32.06]",edge_low,True
false_breakdown,000980,2026-03-16,95,True,True,True,True,2.7200000286102295,2.63,3.27,,[],"{'support': 2.68, 'breakdown_date': '2026-03-12', 'reclaim_date': '2026-03-16', 'reclaim_in_time': True, 'support_source': 'swing_low', 'volume_ratio': 16.647474836116483, 'close_in_range': 1.0, 'break_pct': 0.018656716417910547}",85.5,88.5,众泰汽车,假诱空,73.0,high,True,True,66.67,neutral,1,0.5497,2,0,2.0,"[{'name': '上证指数', 'close': 4095.45, 'ma20': 4121.8745, 'ma60': 4060.614333333333, 'trend_ok': False}, {'name': '沪深300', 'close': 4669.14, 'ma20': 4685.423, 'ma60': 4677.6196666666665, 'trend_ok': False}, {'name': '创业板指', 'close': 3310.28, 'ma20': 3285.1595, 'ma60': 3273.5275000000006, 'trend_ok': True}]",False,36.92,汽车,19.36,"['低价股', '氢能源', '深股通']","[36.92, 33.53, 31.59]",edge_low,True
false_breakdown,002400,2026-03-16,95,True,True,True,True,9.260000228881836,8.930000305175781,12.2,,[],"{'support': 9.17, 'breakdown_date': '2026-03-13', 'reclaim_date': '2026-03-16', 'reclaim_in_time': True, 'support_source': 'swing_low', 'volume_ratio': 14.470947504445583, 'close_in_range': 0.8918919615540256, 'break_pct': 0.026172267701659615}",85.5,88.5,省广集团,假诱空,73.0,high,True,True,66.67,neutral,1,0.5497,2,0,2.0,"[{'name': '上证指数', 'close': 4095.45, 'ma20': 4121.8745, 'ma60': 4060.614333333333, 'trend_ok': False}, {'name': '沪深300', 'close': 4669.14, 'ma20': 4685.423, 'ma60': 4677.6196666666665, 'trend_ok': False}, {'name': '创业板指', 'close': 3310.28, 'ma20': 3285.1595, 'ma60': 3273.5275000000006, 'trend_ok': True}]",False,32.71,传媒,14.34,"['快手概念', '小盘股', '创投']","[32.71, 32.06, 31.89]",edge_low,True
false_breakdown,000859,2026-03-16,95,True,True,True,True,11.050000190734863,10.33,12.4,,[],"{'support': 10.6, 'breakdown_date': '2026-03-12', 'reclaim_date': '2026-03-16', 'reclaim_in_time': True, 'support_source': 'swing_low', 'volume_ratio': 16.56671433477567, 'close_in_range': 0.8571431004269392, 'break_pct': 0.025471698113207507}",85.5,88.5,国风新材,假诱空,73.0,high,True,True,66.67,neutral,1,0.5497,2,0,2.0,"[{'name': '上证指数', 'close': 4095.45, 'ma20': 4121.8745, 'ma60': 4060.614333333333, 'trend_ok': False}, {'name': '沪深300', 'close': 4669.14, 'ma20': 4685.423, 'ma60': 4677.6196666666665, 'trend_ok': False}, {'name': '创业板指', 'close': 3310.28, 'ma20': 3285.1595, 'ma60': 3273.5275000000006, 'trend_ok': True}]",False,38.73,基础化工,38.73,"['新材料', 'OLED', '深股通']","[33.32, 31.75, 31.59]",edge_low,True
false_breakdown,000892,2026-03-16,95,True,True,True,True,6.429999828338623,6.23,9.87,,[],"{'support': 6.35, 'breakdown_date': '2026-03-12', 'reclaim_date': '2026-03-16', 'reclaim_in_time': True, 'support_source': 'swing_low', 'volume_ratio': 13.16630673185305, 'close_in_range': 1.0, 'break_pct': 0.01889763779527547}",85.5,88.5,欢瑞世纪,假诱空,73.0,high,True,True,66.67,neutral,1,0.5497,2,0,2.0,"[{'name': '上证指数', 'close': 4095.45, 'ma20': 4121.8745, 'ma60': 4060.614333333333, 'trend_ok': False}, {'name': '沪深300', 'close': 4669.14, 'ma20': 4685.423, 'ma60': 4677.6196666666665, 'trend_ok': False}, {'name': '创业板指', 'close': 3310.28, 'ma20': 3285.1595, 'ma60': 3273.5275000000006, 'trend_ok': True}]",False,34.81,影视院线,5.89,"['成渝特区', '西部大开发', 'QFII重仓']","[34.81, 33.5, 32.97]",edge_low,True
false_breakdown,002342,2026-03-16,95,True,True,True,True,14.1899995803833,13.32,21.42,,[],"{'support': 13.73, 'breakdown_date': '2026-03-12', 'reclaim_date': '2026-03-16', 'reclaim_in_time': True, 'support_source': 'swing_low', 'volume_ratio': 17.80404254969207, 'close_in_range': 0.689654605425421, 'break_pct': 0.029861616897305182}",85.5,88.5,巨力索具,假诱空,68.0,high,True,True,66.67,neutral,1,0.5497,2,0,2.0,"[{'name': '上证指数', 'close': 4095.45, 'ma20': 4121.8745, 'ma60': 4060.614333333333, 'trend_ok': False}, {'name': '沪深300', 'close': 4669.14, 'ma20': 4685.423, 'ma60': 4677.6196666666665, 'trend_ok': False}, {'name': '创业板指', 'close': 3310.28, 'ma20': 3285.1595, 'ma60': 3273.5275000000006, 'trend_ok': True}]",False,33.95,机械设备,30.42,"['京津冀', '新能源', '风能']","[33.95, 33.95, 32.78]",edge_low,True
false_breakdown,000021,2026-03-16,95,True,True,True,True,33.1,30.26,35.97,,[],"{'support': 30.58, 'breakdown_date': '2026-03-13', 'reclaim_date': '2026-03-16', 'reclaim_in_time': True, 'support_source': 'swing_low', 'volume_ratio': 1.3204779267826734, 'close_in_range': 0.9922178988326864, 'break_pct': 0.010464355788096688}",85.5,88.5,深科技,假诱空,67.0,high,True,True,66.67,neutral,1,0.5497,2,0,2.0,"[{'name': '上证指数', 'close': 4095.45, 'ma20': 4121.8745, 'ma60': 4060.614333333333, 'trend_ok': False}, {'name': '沪深300', 'close': 4669.14, 'ma20': 4685.423, 'ma60': 4677.6196666666665, 'trend_ok': False}, {'name': '创业板指', 'close': 3310.28, 'ma20': 3285.1595, 'ma60': 3273.5275000000006, 'trend_ok': True}]",False,33.42,消费电子,22.15,"['医疗器械概念', '储能概念', '第三代半导体']","[33.42, 32.9, 32.0]",edge_low,True
false_breakdown,600798,2026-03-16,95,True,True,True,True,3.9700000286102295,3.880000114440918,4.64,,[],"{'support': 3.91, 'breakdown_date': '2026-03-12', 'reclaim_date': '2026-03-16', 'reclaim_in_time': True, 'support_source': 'swing_low', 'volume_ratio': 15.99105178654083, 'close_in_range': 0.75, 'break_pct': 0.007672605002322806}",85.5,88.5,宁波海运,假诱空,66.5,high,True,True,66.67,neutral,1,0.5497,2,0,2.0,"[{'name': '上证指数', 'close': 4095.45, 'ma20': 4121.8745, 'ma60': 4060.614333333333, 'trend_ok': False}, {'name': '沪深300', 'close': 4669.14, 'ma20': 4685.423, 'ma60': 4677.6196666666665, 'trend_ok': False}, {'name': '创业板指', 'close': 3310.28, 'ma20': 3285.1595, 'ma60': 3273.5275000000006, 'trend_ok': True}]",False,32.78,交通运输,22.74,"['海洋经济', '长江三角', '一带一路']","[32.78, 32.15, 31.37]",edge_low,True
false_breakdown,300015,2026-03-16,95,True,True,True,True,10.289999961853027,10.07,11.18,,[],"{'support': 10.12, 'breakdown_date': '2026-03-13', 'reclaim_date': '2026-03-16', 'reclaim_in_time': True, 'support_source': 'swing_low', 'volume_ratio': 16.192674158030616, 'close_in_range': 0.9473673643527581, 'break_pct': 0.004940711462450488}",85.5,90.0,爱尔眼科,假诱空,65.0,high,True,True,66.67,neutral,1,0.5497,2,0,2.0,"[{'name': '上证指数', 'close': 4095.45, 'ma20': 4121.8745, 'ma60': 4060.614333333333, 'trend_ok': False}, {'name': '沪深300', 'close': 4669.14, 'ma20': 4685.423, 'ma60': 4677.6196666666665, 'trend_ok': False}, {'name': '创业板指', 'close': 3310.28, 'ma20': 3285.1595, 'ma60': 3273.5275000000006, 'trend_ok': True}]",False,41.98,医院,41.98,"['医美概念', '养老概念', '医疗器械概念']","[41.38, 33.47, 33.42]",edge_high,True
2b_structure,300015,2026-03-16,95,True,True,True,True,10.289999961853027,10.07,11.18,,[],"{'prior_support': 10.13, 'fake_break_low': 10.07, 'breakdown_date': '2026-03-13', 'support_source': 'swing_low', 'reclaim_date': '2026-03-16', 'reclaim_in_time': True, 'volume_ratio': 16.192674158030616}",99.75,104.25,爱尔眼科,2B结构,63.0,high,True,True,66.67,neutral,1,0.5497,2,0,2.0,"[{'name': '上证指数', 'close': 4095.45, 'ma20': 4121.8745, 'ma60': 4060.614333333333, 'trend_ok': False}, {'name': '沪深300', 'close': 4669.14, 'ma20': 4685.423, 'ma60': 4677.6196666666665, 'trend_ok': False}, {'name': '创业板指', 'close': 3310.28, 'ma20': 3285.1595, 'ma60': 3273.5275000000006, 'trend_ok': True}]",False,41.98,医院,41.98,"['医美概念', '养老概念', '医疗器械概念']","[41.38, 33.47, 33.42]",edge_high,True
2b_structure,603169,2026-03-13,95,True,True,True,True,12.8,10.72,12.8,,[],"{'prior_support': 10.8, 'fake_break_low': 10.72, 'breakdown_date': '2026-03-12', 'support_source': 'swing_low', 'reclaim_date': '2026-03-13', 'reclaim_in_time': True, 'volume_ratio': 2.2263529182723416}",99.75,104.25,兰石重装,2B结构,63.0,high,True,True,66.67,neutral,1,0.5497,2,0,2.0,"[{'name': '上证指数', 'close': 4095.45, 'ma20': 4121.8745, 'ma60': 4060.614333333333, 'trend_ok': False}, {'name': '沪深300', 'close': 4669.14, 'ma20': 4685.423, 'ma60': 4677.6196666666665, 'trend_ok': False}, {'name': '创业板指', 'close': 3310.28, 'ma20': 3285.1595, 'ma60': 3273.5275000000006, 'trend_ok': True}]",False,43.9,专用设备,30.73,"['煤化工概念', '核污染防治', '超超临界发电']","[43.9, 39.32, 34.95]",edge_high,True
false_breakdown,601399,2026-03-13,95,True,True,True,True,5.0,4.690000057220459,5.35,,[],"{'support': 4.79, 'breakdown_date': '2026-03-12', 'reclaim_date': '2026-03-13', 'reclaim_in_time': True, 'support_source': 'swing_low', 'volume_ratio': 0.7127058476376449, 'close_in_range': 0.9047619047619068, 'break_pct': 0.02087681477652214}",85.5,88.5,国机重装,假诱空,63.0,high,True,True,66.67,neutral,1,0.5497,2,0,2.0,"[{'name': '上证指数', 'close': 4095.45, 'ma20': 4121.8745, 'ma60': 4060.614333333333, 'trend_ok': False}, {'name': '沪深300', 'close': 4669.14, 'ma20': 4685.423, 'ma60': 4677.6196666666665, 'trend_ok': False}, {'name': '创业板指', 'close': 3310.28, 'ma20': 3285.1595, 'ma60': 3273.5275000000006, 'trend_ok': True}]",False,38.38,专用设备,30.73,"['抽水蓄能', '超超临界发电', '核能核电']","[38.38, 34.95, 34.42]",edge_low,True
2b_structure,600408,2026-03-13,95,True,True,True,True,4.08,3.65,4.2,,[],"{'prior_support': 3.78, 'fake_break_low': 3.65, 'breakdown_date': '2026-03-12', 'support_source': 'swing_low', 'reclaim_date': '2026-03-13', 'reclaim_in_time': True, 'volume_ratio': 1.696430876908024}",99.75,103.25,安泰集团,2B结构,61.0,high,True,True,66.67,neutral,1,0.5497,2,0,2.0,"[{'name': '上证指数', 'close': 4095.45, 'ma20': 4121.8745, 'ma60': 4060.614333333333, 'trend_ok': False}, {'name': '沪深300', 'close': 4669.14, 'ma20': 4685.423, 'ma60': 4677.6196666666665, 'trend_ok': False}, {'name': '创业板指', 'close': 3310.28, 'ma20': 3285.1595, 'ma60': 3273.5275000000006, 'trend_ok': True}]",True,53.09,焦炭Ⅲ,53.09,"['煤化工概念', '反内卷概念', 'QFII重仓']","[43.9, 34.62, 32.97]",strong,False
2b_structure,000021,2026-03-16,95,True,True,True,True,33.1,30.26,35.97,,[],"{'prior_support': 30.58, 'fake_break_low': 30.26, 'breakdown_date': '2026-03-13', 'support_source': 'swing_low', 'reclaim_date': '2026-03-16', 'reclaim_in_time': True, 'volume_ratio': 1.3204779267826734}",99.75,102.75,深科技,2B结构,61.0,high,True,True,66.67,neutral,1,0.5497,2,0,2.0,"[{'name': '上证指数', 'close': 4095.45, 'ma20': 4121.8745, 'ma60': 4060.614333333333, 'trend_ok': False}, {'name': '沪深300', 'close': 4669.14, 'ma20': 4685.423, 'ma60': 4677.6196666666665, 'trend_ok': False}, {'name': '创业板指', 'close': 3310.28, 'ma20': 3285.1595, 'ma60': 3273.5275000000006, 'trend_ok': True}]",False,33.42,消费电子,22.15,"['医疗器械概念', '储能概念', '第三代半导体']","[33.42, 32.9, 32.0]",edge_low,True
pattern_breakout,601669,2026-03-13,95,True,True,True,True,7.19,6.54,7.7214285714285715,,[],"{'box_low': 5.44, 'box_high': 6.54, 'width_pct': 0.2022058823529411, 'breakout_pct': 0.09938837920489302, 'prior_below_box': True}",95.0,98.5,中国电建,形态突破,61.0,high,True,True,66.67,neutral,1,0.5497,2,0,2.0,"[{'name': '上证指数', 'close': 4095.45, 'ma20': 4121.8745, 'ma60': 4060.614333333333, 'trend_ok': False}, {'name': '沪深300', 'close': 4669.14, 'ma20': 4685.423, 'ma60': 4677.6196666666665, 'trend_ok': False}, {'name': '创业板指', 'close': 3310.28, 'ma20': 3285.1595, 'ma60': 3273.5275000000006, 'trend_ok': True}]",True,53.5,基建市政工程,53.5,"['工程建设', '长期破净', '东方财富热股']","[43.96, 40.28, 39.26]",strong,True
pattern_breakout,002594,2026-03-16,95,True,True,True,True,104.62000274658203,100.34,111.4357169015067,,[],"{'box_low': 85.88, 'box_high': 100.34, 'width_pct': 0.16837447601304156, 'breakout_pct': 0.04265500046424185, 'prior_below_box': True}",95.0,98.0,比亚迪,形态突破,61.0,high,True,True,66.67,neutral,1,0.5497,2,0,2.0,"[{'name': '上证指数', 'close': 4095.45, 'ma20': 4121.8745, 'ma60': 4060.614333333333, 'trend_ok': False}, {'name': '沪深300', 'close': 4669.14, 'ma20': 4685.423, 'ma60': 4677.6196666666665, 'trend_ok': False}, {'name': '创业板指', 'close': 3310.28, 'ma20': 3285.1595, 'ma60': 3273.5275000000006, 'trend_ok': True}]",False,35.47,乘用车,27.53,"['锂电池概念', '新能源', '刀片电池']","[35.47, 33.95, 33.6]",edge_low,False
spring,002400,2026-03-16,95,True,True,True,True,9.260000228881836,8.930000305175781,12.96,,[],"{'box_low': 9.17, 'volume_ratio': 14.470947504445583}",90.25,93.25,省广集团,箱体弹簧,60.0,high,True,True,66.67,neutral,1,0.5497,2,0,2.0,"[{'name': '上证指数', 'close': 4095.45, 'ma20': 4121.8745, 'ma60': 4060.614333333333, 'trend_ok': False}, {'name': '沪深300', 'close': 4669.14, 'ma20': 4685.423, 'ma60': 4677.6196666666665, 'trend_ok': False}, {'name': '创业板指', 'close': 3310.28, 'ma20': 3285.1595, 'ma60': 3273.5275000000006, 'trend_ok': True}]",False,32.71,传媒,14.34,"['快手概念', '小盘股', '创投']","[32.71, 32.06, 31.89]",edge_low,True
spring,002414,2026-03-16,95,True,True,True,True,14.279999732971191,13.960000038146973,18.62,,[],"{'box_low': 14.2, 'volume_ratio': 14.791195116089595}",90.25,93.25,高德红外,箱体弹簧,60.0,high,True,True,66.67,neutral,1,0.5497,2,0,2.0,"[{'name': '上证指数', 'close': 4095.45, 'ma20': 4121.8745, 'ma60': 4060.614333333333, 'trend_ok': False}, {'name': '沪深300', 'close': 4669.14, 'ma20': 4685.423, 'ma60': 4677.6196666666665, 'trend_ok': False}, {'name': '创业板指', 'close': 3310.28, 'ma20': 3285.1595, 'ma60': 3273.5275000000006, 'trend_ok': True}]",False,33.42,国防军工,14.98,"['医疗器械概念', '深股通', '2025中报预增']","[33.42, 31.59, 31.36]",edge_low,True
spring,603000,2026-03-16,95,True,True,True,True,20.469999313354492,20.1299991607666,28.21,,[],"{'box_low': 20.43, 'volume_ratio': 12.475465861237177}",90.25,93.25,人民网,箱体弹簧,60.0,high,True,True,66.67,neutral,1,0.5497,2,0,2.0,"[{'name': '上证指数', 'close': 4095.45, 'ma20': 4121.8745, 'ma60': 4060.614333333333, 'trend_ok': False}, {'name': '沪深300', 'close': 4669.14, 'ma20': 4685.423, 'ma60': 4677.6196666666665, 'trend_ok': False}, {'name': '创业板指', 'close': 3310.28, 'ma20': 3285.1595, 'ma60': 3273.5275000000006, 'trend_ok': True}]",False,31.89,传媒,14.34,"['创投', '股权激励', '网络游戏']","[31.89, 31.46, 31.32]",edge_low,True
2b_structure,601015,2026-03-13,95,True,True,True,True,5.38,4.63,5.87,,[],"{'prior_support': 4.79, 'fake_break_low': 4.63, 'breakdown_date': '2026-03-12', 'support_source': 'swing_low', 'reclaim_date': '2026-03-13', 'reclaim_in_time': True, 'volume_ratio': 1.0138790362546959}",99.75,103.25,陕西黑猫,2B结构,59.0,medium,True,True,66.67,neutral,1,0.5497,2,0,2.0,"[{'name': '上证指数', 'close': 4095.45, 'ma20': 4121.8745, 'ma60': 4060.614333333333, 'trend_ok': False}, {'name': '沪深300', 'close': 4669.14, 'ma20': 4685.423, 'ma60': 4677.6196666666665, 'trend_ok': False}, {'name': '创业板指', 'close': 3310.28, 'ma20': 3285.1595, 'ma60': 3273.5275000000006, 'trend_ok': True}]",True,53.09,焦炭Ⅲ,53.09,"['最近多板', '煤化工概念', '东方财富热股']","[47.15, 43.9, 39.26]",strong,False
pattern_breakout,002235,2026-03-16,95,True,True,True,True,11.5600004196167,11.31,12.554286221095493,,[],"{'box_low': 9.38, 'box_high': 11.31, 'width_pct': 0.2057569296375266, 'breakout_pct': 0.022104369550548075, 'prior_below_box': True}",95.0,98.0,安妮股份,形态突破,59.0,medium,True,True,66.67,neutral,1,0.5497,2,0,2.0,"[{'name': '上证指数', 'close': 4095.45, 'ma20': 4121.8745, 'ma60': 4060.614333333333, 'trend_ok': False}, {'name': '沪深300', 'close': 4669.14, 'ma20': 4685.423, 'ma60': 4677.6196666666665, 'trend_ok': False}, {'name': '创业板指', 'close': 3310.28, 'ma20': 3285.1595, 'ma60': 3273.5275000000006, 'trend_ok': True}]",False,32.8,轻工制造,32.8,"['融资融券', '造纸印刷', '大数据']","[30.04, 29.8, 28.07]",edge_low,False
pattern_breakout,000966,2026-03-12,95,True,True,True,True,5.17,5.02,5.507142857142857,,[],"{'box_low': 4.43, 'box_high': 5.02, 'width_pct': 0.13318284424379231, 'breakout_pct': 0.029880478087649476, 'prior_below_box': True}",95.0,98.0,长源电力,形态突破,59.0,medium,True,True,66.67,neutral,1,0.5497,2,0,2.0,"[{'name': '上证指数', 'close': 4095.45, 'ma20': 4121.8745, 'ma60': 4060.614333333333, 'trend_ok': False}, {'name': '沪深300', 'close': 4669.14, 'ma20': 4685.423, 'ma60': 4677.6196666666665, 'trend_ok': False}, {'name': '创业板指', 'close': 3310.28, 'ma20': 3285.1595, 'ma60': 3273.5275000000006, 'trend_ok': True}]",False,38.38,公用事业,28.87,"['抽水蓄能', '超超临界发电', '新能源']","[38.38, 34.95, 33.95]",edge_low,False
false_breakdown,600325,2026-03-16,95,True,True,True,True,4.070000171661377,4.02,4.74,,[],"{'support': 4.05, 'breakdown_date': '2026-03-12', 'reclaim_date': '2026-03-16', 'reclaim_in_time': True, 'support_source': 'swing_low', 'volume_ratio': 16.30835116197436, 'close_in_range': 0.4444456218243855, 'break_pct': 0.007407407407407469}",85.5,90.0,华发股份,假诱空,59.0,medium,True,True,66.67,neutral,1,0.5497,2,0,2.0,"[{'name': '上证指数', 'close': 4095.45, 'ma20': 4121.8745, 'ma60': 4060.614333333333, 'trend_ok': False}, {'name': '沪深300', 'close': 4669.14, 'ma20': 4685.423, 'ma60': 4677.6196666666665, 'trend_ok': False}, {'name': '创业板指', 'close': 3310.28, 'ma20': 3285.1595, 'ma60': 3273.5275000000006, 'trend_ok': True}]",False,40.28,房地产开发,36.47,"['长期破净', '破净股', '2025中报预减']","[40.28, 35.47, 33.14]",edge_high,True
false_breakdown,001979,2026-03-16,95,True,True,True,True,9.65999984741211,9.4,11.1,,[],"{'support': 9.52, 'breakdown_date': '2026-03-12', 'reclaim_date': '2026-03-16', 'reclaim_in_time': True, 'support_source': 'swing_low', 'volume_ratio': 17.2354953211852, 'close_in_range': 0.13513569243220533, 'break_pct': 0.012605042016806641}",85.5,88.5,招商蛇口,假诱空,59.0,medium,True,True,66.67,neutral,1,0.5497,2,0,2.0,"[{'name': '上证指数', 'close': 4095.45, 'ma20': 4121.8745, 'ma60': 4060.614333333333, 'trend_ok': False}, {'name': '沪深300', 'close': 4669.14, 'ma20': 4685.423, 'ma60': 4677.6196666666665, 'trend_ok': False}, {'name': '创业板指', 'close': 3310.28, 'ma20': 3285.1595, 'ma60': 3273.5275000000006, 'trend_ok': True}]",False,36.28,商业地产,36.28,"['破净股', '养老概念', '深股通']","[35.47, 33.47, 31.59]",edge_low,True
false_breakdown,300123,2026-03-16,95,True,True,True,True,7.179999828338623,7.05,8.44,,[],"{'support': 7.14, 'breakdown_date': '2026-03-12', 'reclaim_date': '2026-03-16', 'reclaim_in_time': True, 'support_source': 'swing_low', 'volume_ratio': 15.568473689726538, 'close_in_range': 0.29999928474528587, 'break_pct': 0.012605042016806704}",85.5,88.5,亚光科技,假诱空,59.0,medium,True,True,66.67,neutral,1,0.5497,2,0,2.0,"[{'name': '上证指数', 'close': 4095.45, 'ma20': 4121.8745, 'ma60': 4060.614333333333, 'trend_ok': False}, {'name': '沪深300', 'close': 4669.14, 'ma20': 4685.423, 'ma60': 4677.6196666666665, 'trend_ok': False}, {'name': '创业板指', 'close': 3310.28, 'ma20': 3285.1595, 'ma60': 3273.5275000000006, 'trend_ok': True}]",False,33.17,国防军工,14.98,"['创业板综', '第三代半导体', '深股通']","[33.17, 32.0, 31.59]",edge_low,True
spring,600346,2026-03-12,95,True,True,True,True,22.48,21.3,27.26,,[],"{'box_low': 21.55, 'volume_ratio': 1.4241170481217873}",90.25,93.25,恒力石化,箱体弹簧,58.0,medium,True,True,66.67,neutral,1,0.5497,2,0,2.0,"[{'name': '上证指数', 'close': 4095.45, 'ma20': 4121.8745, 'ma60': 4060.614333333333, 'trend_ok': False}, {'name': '沪深300', 'close': 4669.14, 'ma20': 4685.423, 'ma60': 4677.6196666666665, 'trend_ok': False}, {'name': '创业板指', 'close': 3310.28, 'ma20': 3285.1595, 'ma60': 3273.5275000000006, 'trend_ok': True}]",False,35.47,炼油化工,14.67,"['锂电池概念', '上证180_', '标准普尔']","[35.47, 31.42, 31.09]",edge_low,True
support_resistance_flip,600354,2026-03-16,95,True,True,True,True,7.929999828338623,7.369999885559082,8.342142704554966,,[],"{'flip_level': 7.37, 'recent_low': 7.369999885559082, 'breakout_date': '2026-01-30'}",118.75,123.25,敦煌种业,支撑压力互换,56.0,medium,True,True,66.67,neutral,1,0.5497,2,0,2.0,"[{'name': '上证指数', 'close': 4095.45, 'ma20': 4121.8745, 'ma60': 4060.614333333333, 'trend_ok': False}, {'name': '沪深300', 'close': 4669.14, 'ma20': 4685.423, 'ma60': 4677.6196666666665, 'trend_ok': False}, {'name': '创业板指', 'close': 3310.28, 'ma20': 3285.1595, 'ma60': 3273.5275000000006, 'trend_ok': True}]",False,41.76,种子,22.69,"['供销社概念', '农业种植', '西部大开发']","[41.76, 38.29, 33.5]",edge_high,True
right_shoulder,002407,2026-03-16,95,True,True,True,True,30.549999237060547,28.84,32.5,,[],"{'head_low': 27.48, 'right_low': 28.84, 'left_shoulder': 27.7, 'neckline': 32.5, 'right_low_date': '2026-03-11', 'bars_since_right_low': 3}",118.75,123.25,多氟多,顺势头肩,56.0,medium,True,True,66.67,neutral,1,0.5497,2,0,2.0,"[{'name': '上证指数', 'close': 4095.45, 'ma20': 4121.8745, 'ma60': 4060.614333333333, 'trend_ok': False}, {'name': '沪深300', 'close': 4669.14, 'ma20': 4685.423, 'ma60': 4677.6196666666665, 'trend_ok': False}, {'name': '创业板指', 'close': 3310.28, 'ma20': 3285.1595, 'ma60': 3273.5275000000006, 'trend_ok': True}]",False,41.28,基础化工,38.73,"['化工原料', '钠离子电池', '固态电池']","[41.28, 38.09, 35.7]",edge_high,True
support_resistance_flip,000010,2026-03-16,95,True,True,True,True,4.68,4.07,5.027142857142857,,[],"{'flip_level': 4.07, 'recent_low': 4.07, 'breakout_date': '2026-02-27'}",118.75,123.25,美丽生态,支撑压力互换,56.0,medium,True,True,66.67,neutral,1,0.5497,2,0,2.0,"[{'name': '上证指数', 'close': 4095.45, 'ma20': 4121.8745, 'ma60': 4060.614333333333, 'trend_ok': False}, {'name': '沪深300', 'close': 4669.14, 'ma20': 4685.423, 'ma60': 4677.6196666666665, 'trend_ok': False}, {'name': '创业板指', 'close': 3310.28, 'ma20': 3285.1595, 'ma60': 3273.5275000000006, 'trend_ok': True}]",False,47.13,基础建设,47.13,"['工程建设', '新型城镇化', 'PPP模式']","[43.96, 38.03, 34.55]",edge_high,True
right_shoulder,600027,2026-03-16,95,True,True,True,True,5.28000020980835,5.08,5.44,,[],"{'head_low': 4.81, 'right_low': 5.08, 'left_shoulder': 4.83, 'neckline': 5.44, 'right_low_date': '2026-03-11', 'bars_since_right_low': 3}",118.75,121.75,华电国际,顺势头肩,56.0,medium,True,True,66.67,neutral,1,0.5497,2,0,2.0,"[{'name': '上证指数', 'close': 4095.45, 'ma20': 4121.8745, 'ma60': 4060.614333333333, 'trend_ok': False}, {'name': '沪深300', 'close': 4669.14, 'ma20': 4685.423, 'ma60': 4677.6196666666665, 'trend_ok': False}, {'name': '创业板指', 'close': 3310.28, 'ma20': 3285.1595, 'ma60': 3273.5275000000006, 'trend_ok': True}]",False,34.95,公用事业,28.87,"['超超临界发电', '新能源', '风能']","[34.95, 33.95, 32.78]",edge_low,True
support_resistance_flip,000727,2026-03-16,95,True,True,True,True,2.819999933242798,2.69,2.9149999264308386,,[],"{'flip_level': 2.73, 'recent_low': 2.69, 'breakout_date': '2026-03-10'}",118.75,121.75,冠捷科技,支撑压力互换,56.0,medium,True,True,66.67,neutral,1,0.5497,2,0,2.0,"[{'name': '上证指数', 'close': 4095.45, 'ma20': 4121.8745, 'ma60': 4060.614333333333, 'trend_ok': False}, {'name': '沪深300', 'close': 4669.14, 'ma20': 4685.423, 'ma60': 4677.6196666666665, 'trend_ok': False}, {'name': '创业板指', 'close': 3310.28, 'ma20': 3285.1595, 'ma60': 3273.5275000000006, 'trend_ok': True}]",False,36.92,面板,19.47,"['低价股', '贬值受益', '长江三角']","[36.92, 33.36, 32.15]",edge_low,False
right_shoulder,601919,2026-03-16,95,True,True,True,True,16.079999923706055,15.26,16.98,,[],"{'head_low': 14.13, 'right_low': 15.26, 'left_shoulder': 14.15, 'neckline': 16.98, 'right_low_date': '2026-03-10', 'bars_since_right_low': 4}",118.75,121.75,中远海控,顺势头肩,56.0,medium,True,True,66.67,neutral,1,0.5497,2,0,2.0,"[{'name': '上证指数', 'close': 4095.45, 'ma20': 4121.8745, 'ma60': 4060.614333333333, 'trend_ok': False}, {'name': '沪深300', 'close': 4669.14, 'ma20': 4685.423, 'ma60': 4677.6196666666665, 'trend_ok': False}, {'name': '创业板指', 'close': 3310.28, 'ma20': 3285.1595, 'ma60': 3273.5275000000006, 'trend_ok': True}]",False,33.52,交通运输,22.74,"['价值股', '中特估', '海洋经济']","[33.52, 33.42, 32.78]",edge_low,True
support_resistance_flip,601919,2026-03-16,95,True,True,True,True,16.079999923706055,15.26,16.686428481510706,,[],"{'flip_level': 15.49, 'recent_low': 15.26, 'breakout_date': '2026-03-03'}",118.75,121.75,中远海控,支撑压力互换,56.0,medium,True,True,66.67,neutral,1,0.5497,2,0,2.0,"[{'name': '上证指数', 'close': 4095.45, 'ma20': 4121.8745, 'ma60': 4060.614333333333, 'trend_ok': False}, {'name': '沪深300', 'close': 4669.14, 'ma20': 4685.423, 'ma60': 4677.6196666666665, 'trend_ok': False}, {'name': '创业板指', 'close': 3310.28, 'ma20': 3285.1595, 'ma60': 3273.5275000000006, 'trend_ok': True}]",False,33.52,交通运输,22.74,"['价值股', '中特估', '海洋经济']","[33.52, 33.42, 32.78]",edge_low,False
right_shoulder,300180,2026-03-16,95,True,True,True,True,6.989999771118164,6.66,7.32,,[],"{'head_low': 6.38, 'right_low': 6.66, 'left_shoulder': 6.5, 'neckline': 7.32, 'right_low_date': '2026-03-09', 'bars_since_right_low': 5}",118.75,121.75,华峰超纤,顺势头肩,56.0,medium,True,True,66.67,neutral,1,0.5497,2,0,2.0,"[{'name': '上证指数', 'close': 4095.45, 'ma20': 4121.8745, 'ma60': 4060.614333333333, 'trend_ok': False}, {'name': '沪深300', 'close': 4669.14, 'ma20': 4685.423, 'ma60': 4677.6196666666665, 'trend_ok': False}, {'name': '创业板指', 'close': 3310.28, 'ma20': 3285.1595, 'ma60': 3273.5275000000006, 'trend_ok': True}]",False,38.73,基础化工,38.73,"['创业板综', '小盘股', '深股通']","[33.17, 32.06, 31.59]",edge_low,True
right_shoulder,002475,2026-03-16,95,True,True,True,True,49.2599983215332,47.2,55.24,,[],"{'head_low': 45.43, 'right_low': 47.2, 'left_shoulder': 45.8, 'neckline': 55.24, 'right_low_date': '2026-03-10', 'bars_since_right_low': 4}",118.75,121.75,立讯精密,顺势头肩,56.0,medium,True,True,66.67,neutral,1,0.5497,2,0,2.0,"[{'name': '上证指数', 'close': 4095.45, 'ma20': 4121.8745, 'ma60': 4060.614333333333, 'trend_ok': False}, {'name': '沪深300', 'close': 4669.14, 'ma20': 4685.423, 'ma60': 4677.6196666666665, 'trend_ok': False}, {'name': '创业板指', 'close': 3310.28, 'ma20': 3285.1595, 'ma60': 3273.5275000000006, 'trend_ok': True}]",False,32.61,消费电子,22.15,"['转债标的', '基金重仓', '深股通']","[32.61, 31.66, 31.59]",edge_low,True
right_shoulder,002418,2026-03-16,95,True,True,True,True,5.019999980926514,4.75,5.17,,[],"{'head_low': 4.52, 'right_low': 4.75, 'left_shoulder': 4.57, 'neckline': 5.17, 'right_low_date': '2026-03-09', 'bars_since_right_low': 5}",118.75,121.75,康盛股份,顺势头肩,56.0,medium,True,True,66.67,neutral,1,0.5497,2,0,2.0,"[{'name': '上证指数', 'close': 4095.45, 'ma20': 4121.8745, 'ma60': 4060.614333333333, 'trend_ok': False}, {'name': '沪深300', 'close': 4669.14, 'ma20': 4685.423, 'ma60': 4677.6196666666665, 'trend_ok': False}, {'name': '创业板指', 'close': 3310.28, 'ma20': 3285.1595, 'ma60': 3273.5275000000006, 'trend_ok': True}]",False,37.51,家用电器,37.12,"['石墨烯', '锂电池概念', '氢能源']","[37.51, 35.47, 33.53]",edge_low,True
support_resistance_flip,601018,2026-03-16,95,True,True,True,True,4.239999771118164,4.21,4.357142640522548,,[],"{'flip_level': 4.21, 'recent_low': 4.21, 'breakout_date': '2026-02-27'}",118.75,121.75,宁波港,支撑压力互换,56.0,medium,True,True,66.67,neutral,1,0.5497,2,0,2.0,"[{'name': '上证指数', 'close': 4095.45, 'ma20': 4121.8745, 'ma60': 4060.614333333333, 'trend_ok': False}, {'name': '沪深300', 'close': 4669.14, 'ma20': 4685.423, 'ma60': 4677.6196666666665, 'trend_ok': False}, {'name': '创业板指', 'close': 3310.28, 'ma20': 3285.1595, 'ma60': 3273.5275000000006, 'trend_ok': True}]",False,31.42,交通运输,22.74,"['上证180_', '一带一路', '央国企改革']","[31.42, 31.37, 31.29]",edge_low,False
support_resistance_flip,002355,2026-03-16,95,True,True,True,True,7.440000057220459,7.24,7.737857219151088,,[],"{'flip_level': 7.37, 'recent_low': 7.24, 'breakout_date': '2026-02-05'}",118.75,121.75,兴民智通,支撑压力互换,56.0,medium,True,True,66.67,neutral,1,0.5497,2,0,2.0,"[{'name': '上证指数', 'close': 4095.45, 'ma20': 4121.8745, 'ma60': 4060.614333333333, 'trend_ok': False}, {'name': '沪深300', 'close': 4669.14, 'ma20': 4685.423, 'ma60': 4677.6196666666665, 'trend_ok': False}, {'name': '创业板指', 'close': 3310.28, 'ma20': 3285.1595, 'ma60': 3273.5275000000006, 'trend_ok': True}]",False,30.89,汽车,19.36,"['参股新三板', '新能源车', '融资融券']","[30.89, 30.3, 30.04]",edge_low,False
strength_emergence,601916,2026-03-16,95,True,True,True,True,3.0999999046325684,2.88,3.12,,[],"{'box_low': 2.88, 'box_high': 3.12, 'midline': 3.0, 'width_pct': 0.08333333333333341, 'upper_zone_level': 3.0528, 'close_to_high_pct': 0.0064102869767409445, 'closes_above_midline': 5}",114.0,118.5,浙商银行,强势出现,56.0,medium,True,True,66.67,neutral,1,0.5497,2,0,2.0,"[{'name': '上证指数', 'close': 4095.45, 'ma20': 4121.8745, 'ma60': 4060.614333333333, 'trend_ok': False}, {'name': '沪深300', 'close': 4669.14, 'ma20': 4685.423, 'ma60': 4677.6196666666665, 'trend_ok': False}, {'name': '创业板指', 'close': 3310.28, 'ma20': 3285.1595, 'ma60': 3273.5275000000006, 'trend_ok': True}]",False,40.28,股份制银行Ⅲ,28.53,"['长期破净', '破净股', '价值股']","[40.28, 35.47, 33.52]",edge_high,True
strength_emergence,601169,2026-03-16,95,True,True,True,True,5.489999771118164,5.24,5.519999980926514,,[],"{'box_low': 5.24, 'box_high': 5.519999980926514, 'midline': 5.379999990463257, 'width_pct': 0.053435110863838446, 'upper_zone_level': 5.44159998626709, 'close_to_high_pct': 0.005434820636233802, 'closes_above_midline': 5}",114.0,118.5,北京银行,强势出现,56.0,medium,True,True,66.67,neutral,1,0.5497,2,0,2.0,"[{'name': '上证指数', 'close': 4095.45, 'ma20': 4121.8745, 'ma60': 4060.614333333333, 'trend_ok': False}, {'name': '沪深300', 'close': 4669.14, 'ma20': 4685.423, 'ma60': 4677.6196666666665, 'trend_ok': False}, {'name': '创业板指', 'close': 3310.28, 'ma20': 3285.1595, 'ma60': 3273.5275000000006, 'trend_ok': True}]",False,40.28,银行,29.56,"['长期破净', '破净股', '价值股']","[40.28, 35.47, 33.52]",edge_high,True
strength_emergence,601939,2026-03-16,95,True,True,True,True,9.180000305175781,8.52,9.199999809265137,,[],"{'box_low': 8.52, 'box_high': 9.199999809265137, 'midline': 8.859999904632568, 'width_pct': 0.07981218418604896, 'upper_zone_level': 9.009599862670898, 'close_to_high_pct': 0.0021738591852158914, 'closes_above_midline': 5}",114.0,118.5,建设银行,强势出现,56.0,medium,True,True,66.67,neutral,1,0.5497,2,0,2.0,"[{'name': '上证指数', 'close': 4095.45, 'ma20': 4121.8745, 'ma60': 4060.614333333333, 'trend_ok': False}, {'name': '沪深300', 'close': 4669.14, 'ma20': 4685.423, 'ma60': 4677.6196666666665, 'trend_ok': False}, {'name': '创业板指', 'close': 3310.28, 'ma20': 3285.1595, 'ma60': 3273.5275000000006, 'trend_ok': True}]",False,40.28,银行,29.56,"['长期破净', '破净股', '中特估']","[40.28, 35.47, 33.42]",edge_high,True
strength_emergence,001227,2026-03-16,95,True,True,True,True,2.3499999046325684,2.24,2.369999885559082,,[],"{'box_low': 2.24, 'box_high': 2.369999885559082, 'midline': 2.304999942779541, 'width_pct': 0.05803566319601866, 'upper_zone_level': 2.3335999176025393, 'close_to_high_pct': 0.008438810925003773, 'closes_above_midline': 4}",114.0,118.5,兰州银行,强势出现,56.0,medium,True,True,66.67,neutral,1,0.5497,2,0,2.0,"[{'name': '上证指数', 'close': 4095.45, 'ma20': 4121.8745, 'ma60': 4060.614333333333, 'trend_ok': False}, {'name': '沪深300', 'close': 4669.14, 'ma20': 4685.423, 'ma60': 4677.6196666666665, 'trend_ok': False}, {'name': '创业板指', 'close': 3310.28, 'ma20': 3285.1595, 'ma60': 3273.5275000000006, 'trend_ok': True}]",False,40.28,银行,29.56,"['长期破净', '低价股', '破净股']","[40.28, 36.92, 35.47]",edge_high,True
strength_emergence,601665,2026-03-16,95,True,True,True,True,5.829999923706055,5.38,5.97,,[],"{'box_low': 5.38, 'box_high': 5.97, 'midline': 5.675, 'width_pct': 0.10966542750929366, 'upper_zone_level': 5.8048, 'close_to_high_pct': 0.023450599044211904, 'closes_above_midline': 4}",114.0,118.5,齐鲁银行,强势出现,56.0,medium,True,True,66.67,neutral,1,0.5497,2,0,2.0,"[{'name': '上证指数', 'close': 4095.45, 'ma20': 4121.8745, 'ma60': 4060.614333333333, 'trend_ok': False}, {'name': '沪深300', 'close': 4669.14, 'ma20': 4685.423, 'ma60': 4677.6196666666665, 'trend_ok': False}, {'name': '创业板指', 'close': 3310.28, 'ma20': 3285.1595, 'ma60': 3273.5275000000006, 'trend_ok': True}]",False,40.28,银行,29.56,"['长期破净', '破净股', '上证380']","[40.28, 35.47, 31.38]",edge_high,True
strength_emergence,601077,2026-03-16,95,True,True,True,True,7.039999961853027,6.02,7.090000152587891,,[],"{'box_low': 6.02, 'box_high': 7.090000152587891, 'midline': 6.555000076293945, 'width_pct': 0.1777408891342012, 'upper_zone_level': 6.790400109863281, 'close_to_high_pct': 0.007052212927895767, 'closes_above_midline': 5}",114.0,118.5,渝农商行,强势出现,56.0,medium,True,True,66.67,neutral,1,0.5497,2,0,2.0,"[{'name': '上证指数', 'close': 4095.45, 'ma20': 4121.8745, 'ma60': 4060.614333333333, 'trend_ok': False}, {'name': '沪深300', 'close': 4669.14, 'ma20': 4685.423, 'ma60': 4677.6196666666665, 'trend_ok': False}, {'name': '创业板指', 'close': 3310.28, 'ma20': 3285.1595, 'ma60': 3273.5275000000006, 'trend_ok': True}]",False,40.28,银行,29.56,"['长期破净', '破净股', '成渝特区']","[40.28, 35.47, 34.81]",edge_high,True
strength_emergence,600017,2026-03-16,95,True,True,True,True,3.2799999713897705,3.03,3.32,,[],"{'box_low': 3.03, 'box_high': 3.32, 'midline': 3.175, 'width_pct': 0.09570957095709573, 'upper_zone_level': 3.2388, 'close_to_high_pct': 0.012048201388623293, 'closes_above_midline': 5}",114.0,118.5,日照港,强势出现,56.0,medium,True,True,66.67,neutral,1,0.5497,2,0,2.0,"[{'name': '上证指数', 'close': 4095.45, 'ma20': 4121.8745, 'ma60': 4060.614333333333, 'trend_ok': False}, {'name': '沪深300', 'close': 4669.14, 'ma20': 4685.423, 'ma60': 4677.6196666666665, 'trend_ok': False}, {'name': '创业板指', 'close': 3310.28, 'ma20': 3285.1595, 'ma60': 3273.5275000000006, 'trend_ok': True}]",False,40.28,交通运输,22.74,"['长期破净', '破净股', '小盘股']","[40.28, 35.47, 32.06]",edge_high,True
support_resistance_flip,002470,2026-03-16,95,True,True,True,True,3.2699999809265137,2.79,3.5749999863760813,,[],"{'flip_level': 2.82, 'recent_low': 2.79, 'breakout_date': '2026-02-27'}",118.75,117.25,金正大,支撑压力互换,56.0,medium,True,True,66.67,neutral,1,0.5497,2,0,2.0,"[{'name': '上证指数', 'close': 4095.45, 'ma20': 4121.8745, 'ma60': 4060.614333333333, 'trend_ok': False}, {'name': '沪深300', 'close': 4669.14, 'ma20': 4685.423, 'ma60': 4677.6196666666665, 'trend_ok': False}, {'name': '创业板指', 'close': 3310.28, 'ma20': 3285.1595, 'ma60': 3273.5275000000006, 'trend_ok': True}]",True,76.38,复合肥,76.38,"['磷化工', '生态农业', '化工原料']","[49.16, 46.13, 41.28]",crowded,False
strength_emergence,601816,2026-03-16,95,True,True,True,True,5.170000076293945,4.82,5.179999828338623,,[],"{'box_low': 4.82, 'box_high': 5.179999828338623, 'midline': 4.999999914169312, 'width_pct': 0.07468876106610431, 'upper_zone_level': 5.079199876403809, 'close_to_high_pct': 0.0019304541266529243, 'closes_above_midline': 5}",114.0,117.0,京沪高铁,强势出现,56.0,medium,True,True,66.67,neutral,1,0.5497,2,0,2.0,"[{'name': '上证指数', 'close': 4095.45, 'ma20': 4121.8745, 'ma60': 4060.614333333333, 'trend_ok': False}, {'name': '沪深300', 'close': 4669.14, 'ma20': 4685.423, 'ma60': 4677.6196666666665, 'trend_ok': False}, {'name': '创业板指', 'close': 3310.28, 'ma20': 3285.1595, 'ma60': 3273.5275000000006, 'trend_ok': True}]",False,33.42,铁路公路,15.45,"['中特估', '上证180_', '央国企改革']","[33.42, 31.42, 31.29]",edge_low,False
strength_emergence,000727,2026-03-16,95,True,True,True,True,2.819999933242798,2.48,2.82,,[],"{'box_low': 2.48, 'box_high': 2.82, 'midline': 2.65, 'width_pct': 0.13709677419354832, 'upper_zone_level': 2.7247999999999997, 'close_to_high_pct': 2.367276666261184e-08, 'closes_above_midline': 5}",114.0,117.0,冠捷科技,强势出现,56.0,medium,True,True,66.67,neutral,1,0.5497,2,0,2.0,"[{'name': '上证指数', 'close': 4095.45, 'ma20': 4121.8745, 'ma60': 4060.614333333333, 'trend_ok': False}, {'name': '沪深300', 'close': 4669.14, 'ma20': 4685.423, 'ma60': 4677.6196666666665, 'trend_ok': False}, {'name': '创业板指', 'close': 3310.28, 'ma20': 3285.1595, 'ma60': 3273.5275000000006, 'trend_ok': True}]",False,36.92,面板,19.47,"['低价股', '贬值受益', '长江三角']","[36.92, 33.36, 32.15]",edge_low,False
strength_emergence,600919,2026-03-16,95,True,True,True,True,10.920000076293945,9.68,10.979999542236328,,[],"{'box_low': 9.68, 'box_high': 10.979999542236328, 'midline': 10.329999771118164, 'width_pct': 0.13429747337152154, 'upper_zone_level': 10.615999670410156, 'close_to_high_pct': 0.005464432463005599, 'closes_above_midline': 5}",114.0,117.0,江苏银行,强势出现,56.0,medium,True,True,66.67,neutral,1,0.5497,2,0,2.0,"[{'name': '上证指数', 'close': 4095.45, 'ma20': 4121.8745, 'ma60': 4060.614333333333, 'trend_ok': False}, {'name': '沪深300', 'close': 4669.14, 'ma20': 4685.423, 'ma60': 4677.6196666666665, 'trend_ok': False}, {'name': '创业板指', 'close': 3310.28, 'ma20': 3285.1595, 'ma60': 3273.5275000000006, 'trend_ok': True}]",False,35.47,银行,29.56,"['破净股', '价值股', '上证180_']","[35.47, 33.52, 31.42]",edge_low,False
strength_emergence,000927,2026-03-16,95,True,True,True,True,3.140000104904175,2.79,3.180000066757202,,[],"{'box_low': 2.79, 'box_high': 3.180000066757202, 'midline': 2.985000033378601, 'width_pct': 0.13978497016387173, 'upper_zone_level': 3.0708000480651854, 'close_to_high_pct': 0.012578604092237398, 'closes_above_midline': 4}",114.0,117.0,中国铁物,强势出现,56.0,medium,True,True,66.67,neutral,1,0.5497,2,0,2.0,"[{'name': '上证指数', 'close': 4095.45, 'ma20': 4121.8745, 'ma60': 4060.614333333333, 'trend_ok': False}, {'name': '沪深300', 'close': 4669.14, 'ma20': 4685.423, 'ma60': 4677.6196666666665, 'trend_ok': False}, {'name': '创业板指', 'close': 3310.28, 'ma20': 3285.1595, 'ma60': 3273.5275000000006, 'trend_ok': True}]",False,32.06,轨交设备Ⅲ,21.88,"['小盘股', '中字头', '深股通']","[32.06, 31.65, 31.59]",edge_low,False
strength_emergence,601908,2026-03-16,95,True,True,True,True,4.239999771118164,3.77,4.32,,[],"{'box_low': 3.77, 'box_high': 4.32, 'midline': 4.045, 'width_pct': 0.1458885941644563, 'upper_zone_level': 4.166, 'close_to_high_pct': 0.01851857150042505, 'closes_above_midline': 5}",114.0,117.0,京运通,强势出现,56.0,medium,True,True,66.67,neutral,1,0.5497,2,0,2.0,"[{'name': '上证指数', 'close': 4095.45, 'ma20': 4121.8745, 'ma60': 4060.614333333333, 'trend_ok': False}, {'name': '沪深300', 'close': 4669.14, 'ma20': 4685.423, 'ma60': 4677.6196666666665, 'trend_ok': False}, {'name': '创业板指', 'close': 3310.28, 'ma20': 3285.1595, 'ma60': 3273.5275000000006, 'trend_ok': True}]",False,34.44,公用事业,28.87,"['节能环保', '新能源', '新材料']","[34.44, 33.95, 33.32]",edge_low,False
strength_emergence,002108,2026-03-16,95,True,True,True,True,5.139999866485596,4.76,5.27,,[],"{'box_low': 4.76, 'box_high': 5.27, 'midline': 5.015, 'width_pct': 0.10714285714285711, 'upper_zone_level': 5.127199999999999, 'close_to_high_pct': 0.02466795702360605, 'closes_above_midline': 4}",114.0,117.0,沧州明珠,强势出现,56.0,medium,True,True,66.67,neutral,1,0.5497,2,0,2.0,"[{'name': '上证指数', 'close': 4095.45, 'ma20': 4121.8745, 'ma60': 4060.614333333333, 'trend_ok': False}, {'name': '沪深300', 'close': 4669.14, 'ma20': 4685.423, 'ma60': 4677.6196666666665, 'trend_ok': False}, {'name': '创业板指', 'close': 3310.28, 'ma20': 3285.1595, 'ma60': 3273.5275000000006, 'trend_ok': True}]",False,38.73,基础化工,38.73,"['钠离子电池', '新型城镇化', '水利建设']","[38.09, 38.03, 36.32]",edge_low,False
strength_emergence,600036,2026-03-16,95,True,True,True,True,39.90999984741211,37.31,40.040000915527344,,[],"{'box_low': 37.31, 'box_high': 40.040000915527344, 'midline': 38.67500045776367, 'width_pct': 0.07317075624570735, 'upper_zone_level': 39.27560065917969, 'close_to_high_pct': 0.0032467798487192468, 'closes_above_midline': 5}",114.0,117.0,招商银行,强势出现,56.0,medium,True,True,66.67,neutral,1,0.5497,2,0,2.0,"[{'name': '上证指数', 'close': 4095.45, 'ma20': 4121.8745, 'ma60': 4060.614333333333, 'trend_ok': False}, {'name': '沪深300', 'close': 4669.14, 'ma20': 4685.423, 'ma60': 4677.6196666666665, 'trend_ok': False}, {'name': '创业板指', 'close': 3310.28, 'ma20': 3285.1595, 'ma60': 3273.5275000000006, 'trend_ok': True}]",False,35.47,股份制银行Ⅲ,28.53,"['破净股', '上证180_', '标准普尔']","[35.47, 31.42, 31.09]",edge_low,False
strength_emergence,300292,2026-03-16,95,True,True,True,True,5.019999980926514,4.55,5.08,,[],"{'box_low': 4.55, 'box_high': 5.08, 'midline': 4.8149999999999995, 'width_pct': 0.11648351648351654, 'upper_zone_level': 4.9315999999999995, 'close_to_high_pct': 0.01181102737667055, 'closes_above_midline': 5}",114.0,117.0,吴通控股,强势出现,56.0,medium,True,True,66.67,neutral,1,0.5497,2,0,2.0,"[{'name': '上证指数', 'close': 4095.45, 'ma20': 4121.8745, 'ma60': 4060.614333333333, 'trend_ok': False}, {'name': '沪深300', 'close': 4669.14, 'ma20': 4685.423, 'ma60': 4677.6196666666665, 'trend_ok': False}, {'name': '创业板指', 'close': 3310.28, 'ma20': 3285.1595, 'ma60': 3273.5275000000006, 'trend_ok': True}]",False,33.17,通信,27.37,"['创业板综', '储能概念', '快手概念']","[33.17, 32.9, 32.71]",edge_low,False
pattern_breakout,300750,2026-03-16,95,True,True,True,True,408.3999938964844,403.55,435.4728529575893,,[],"{'box_low': 333.01, 'box_high': 403.55, 'width_pct': 0.21182547070658544, 'breakout_pct': 0.012018322132286863, 'prior_below_box': True}",95.0,99.5,宁德时代,形态突破,56.0,medium,True,True,66.67,neutral,1,0.5497,2,0,2.0,"[{'name': '上证指数', 'close': 4095.45, 'ma20': 4121.8745, 'ma60': 4060.614333333333, 'trend_ok': False}, {'name': '沪深300', 'close': 4669.14, 'ma20': 4685.423, 'ma60': 4677.6196666666665, 'trend_ok': False}, {'name': '创业板指', 'close': 3310.28, 'ma20': 3285.1595, 'ma60': 3273.5275000000006, 'trend_ok': True}]",False,46.26,电池,46.26,"['钠离子电池', '固态电池', '锂电池概念']","[38.09, 35.7, 35.47]",edge_high,True
pattern_breakout,601006,2026-03-12,95,True,True,True,True,5.41,5.36,5.554285714285715,,[],"{'box_low': 4.96, 'box_high': 5.36, 'width_pct': 0.08064516129032265, 'breakout_pct': 0.00932835820895519, 'prior_below_box': True}",95.0,99.5,大秦铁路,形态突破,56.0,medium,True,True,66.67,neutral,1,0.5497,2,0,2.0,"[{'name': '上证指数', 'close': 4095.45, 'ma20': 4121.8745, 'ma60': 4060.614333333333, 'trend_ok': False}, {'name': '沪深300', 'close': 4669.14, 'ma20': 4685.423, 'ma60': 4677.6196666666665, 'trend_ok': False}, {'name': '创业板指', 'close': 3310.28, 'ma20': 3285.1595, 'ma60': 3273.5275000000006, 'trend_ok': True}]",False,40.28,铁路公路,15.45,"['长期破净', '破净股', '中特估']","[40.28, 35.47, 33.42]",edge_high,True
pattern_breakout,600023,2026-03-12,95,True,True,True,True,5.65,5.57,5.892857142857143,,[],"{'box_low': 4.89, 'box_high': 5.57, 'width_pct': 0.1390593047034766, 'breakout_pct': 0.014362657091561952, 'prior_below_box': True}",95.0,98.0,浙能电力,形态突破,56.0,medium,True,True,66.67,neutral,1,0.5497,2,0,2.0,"[{'name': '上证指数', 'close': 4095.45, 'ma20': 4121.8745, 'ma60': 4060.614333333333, 'trend_ok': False}, {'name': '沪深300', 'close': 4669.14, 'ma20': 4685.423, 'ma60': 4677.6196666666665, 'trend_ok': False}, {'name': '创业板指', 'close': 3310.28, 'ma20': 3285.1595, 'ma60': 3273.5275000000006, 'trend_ok': True}]",False,34.95,公用事业,28.87,"['超超临界发电', '核能核电', '价值股']","[34.95, 34.42, 33.52]",edge_low,False
double_breakout,600703,2026-03-12,95,True,True,True,True,18.74,15.71,20.837142857142855,,[],"{'breakout_level': 17.42, 'recent_high_10': 18.74, 'volume_ratio': 2.4172010459022704, 'close_in_range': 1.0, 'prior_below_breakout': True, 'breakout_pct': 0.07577497129735916, 'prep_tight': True}",76.0,80.5,三安光电,双突破,56.0,medium,True,True,66.67,neutral,1,0.5497,2,0,2.0,"[{'name': '上证指数', 'close': 4095.45, 'ma20': 4121.8745, 'ma60': 4060.614333333333, 'trend_ok': False}, {'name': '沪深300', 'close': 4669.14, 'ma20': 4685.423, 'ma60': 4677.6196666666665, 'trend_ok': False}, {'name': '创业板指', 'close': 3310.28, 'ma20': 3285.1595, 'ma60': 3273.5275000000006, 'trend_ok': True}]",False,47.15,电子,29.29,"['最近多板', '东方财富热股', '光通信模块']","[47.15, 39.26, 34.6]",edge_high,True
first_rebound_after_crash,601789,2026-03-16,95,True,True,True,True,6.559999942779541,6.73,6.975714236668178,,[],"{'crash_date': '2026-03-13', 'crash_drop_pct': -0.09224598930481288}",85.5,90.0,宁波建工,急跌首次反弹,54.0,low,False,True,66.67,neutral,1,0.5497,2,0,2.0,"[{'name': '上证指数', 'close': 4095.45, 'ma20': 4121.8745, 'ma60': 4060.614333333333, 'trend_ok': False}, {'name': '沪深300', 'close': 4669.14, 'ma20': 4685.423, 'ma60': 4677.6196666666665, 'trend_ok': False}, {'name': '创业板指', 'close': 3310.28, 'ma20': 3285.1595, 'ma60': 3273.5275000000006, 'trend_ok': True}]",False,47.15,建筑装饰,41.87,"['最近多板', '工程建设', '东方财富热股']","[47.15, 43.96, 39.26]",edge_high,True
first_rebound_after_crash,600397,2026-03-16,95,True,True,True,True,16.3700008392334,15.99,18.321429342542377,,[],"{'crash_date': '2026-03-13', 'crash_drop_pct': -0.08685843203609696}",85.5,88.5,江钨装备,急跌首次反弹,54.0,low,False,True,66.67,neutral,1,0.5497,2,0,2.0,"[{'name': '上证指数', 'close': 4095.45, 'ma20': 4121.8745, 'ma60': 4060.614333333333, 'trend_ok': False}, {'name': '沪深300', 'close': 4669.14, 'ma20': 4685.423, 'ma60': 4677.6196666666665, 'trend_ok': False}, {'name': '创业板指', 'close': 3310.28, 'ma20': 3285.1595, 'ma60': 3273.5275000000006, 'trend_ok': True}]",False,34.62,专用设备,30.73,"['反内卷概念', '央国企改革', '沪股通']","[34.62, 31.29, 29.74]",edge_low,True
double_breakout,603077,2026-03-12,95,True,True,True,True,3.33,2.74,3.7071428571428573,,[],"{'breakout_level': 3.1, 'recent_high_10': 3.33, 'volume_ratio': 1.793031823260597, 'close_in_range': 1.0, 'prior_below_breakout': True, 'breakout_pct': 0.07419354838709677, 'prep_tight': True}",76.0,74.5,和邦生物,双突破,54.0,low,False,True,66.67,neutral,1,0.5497,2,0,2.0,"[{'name': '上证指数', 'close': 4095.45, 'ma20': 4121.8745, 'ma60': 4060.614333333333, 'trend_ok': False}, {'name': '沪深300', 'close': 4669.14, 'ma20': 4685.423, 'ma60': 4677.6196666666665, 'trend_ok': False}, {'name': '创业板指', 'close': 3310.28, 'ma20': 3285.1595, 'ma60': 3273.5275000000006, 'trend_ok': True}]",True,68.11,磷肥及磷化工,68.11,"['磷化工', '最近多板', '消毒剂']","[49.16, 47.15, 41.74]",crowded,False
jumping_creek,002594,2026-03-16,95,True,True,True,True,104.62000274658203,95.67,111.4357169015067,,[],"{'resistance': 100.79, 'volume_ratio': 18.36094988735752, 'breakout_pct': 0.037999828818156806, 'range_atr_ratio': 1.8222592507010136, 'prior_below_resistance': True, 'close_in_range': 0.9388088068534333, 'prep_tight': True}",61.75,64.75,比亚迪,跳跃小溪,52.0,low,False,True,66.67,neutral,1,0.5497,2,0,2.0,"[{'name': '上证指数', 'close': 4095.45, 'ma20': 4121.8745, 'ma60': 4060.614333333333, 'trend_ok': False}, {'name': '沪深300', 'close': 4669.14, 'ma20': 4685.423, 'ma60': 4677.6196666666665, 'trend_ok': False}, {'name': '创业板指', 'close': 3310.28, 'ma20': 3285.1595, 'ma60': 3273.5275000000006, 'trend_ok': True}]",False,35.47,乘用车,27.53,"['锂电池概念', '新能源', '刀片电池']","[35.47, 33.95, 33.6]",edge_low,False
double_breakout,000966,2026-03-12,95,True,True,True,True,5.17,4.76,5.507142857142857,,[],"{'breakout_level': 5.02, 'recent_high_10': 5.22, 'volume_ratio': 1.941588525746133, 'close_in_range': 0.8148148148148152, 'prior_below_breakout': True, 'breakout_pct': 0.029880478087649476, 'prep_tight': True}",76.0,79.0,长源电力,双突破,49.5,low,False,True,66.67,neutral,1,0.5497,2,0,2.0,"[{'name': '上证指数', 'close': 4095.45, 'ma20': 4121.8745, 'ma60': 4060.614333333333, 'trend_ok': False}, {'name': '沪深300', 'close': 4669.14, 'ma20': 4685.423, 'ma60': 4677.6196666666665, 'trend_ok': False}, {'name': '创业板指', 'close': 3310.28, 'ma20': 3285.1595, 'ma60': 3273.5275000000006, 'trend_ok': True}]",False,38.38,公用事业,28.87,"['抽水蓄能', '超超临界发电', '新能源']","[38.38, 34.95, 33.95]",edge_low,False
double_breakout,600575,2026-03-12,95,True,True,True,True,3.98,3.74,4.164285714285715,,[],"{'breakout_level': 3.93, 'recent_high_10': 4.0, 'volume_ratio': 1.4632641261480253, 'close_in_range': 0.8461538461538459, 'prior_below_breakout': True, 'breakout_pct': 0.012722646310432524, 'prep_tight': True}",76.0,80.5,淮河能源,双突破,46.5,low,False,True,66.67,neutral,1,0.5497,2,0,2.0,"[{'name': '上证指数', 'close': 4095.45, 'ma20': 4121.8745, 'ma60': 4060.614333333333, 'trend_ok': False}, {'name': '沪深300', 'close': 4669.14, 'ma20': 4685.423, 'ma60': 4677.6196666666665, 'trend_ok': False}, {'name': '创业板指', 'close': 3310.28, 'ma20': 3285.1595, 'ma60': 3273.5275000000006, 'trend_ok': True}]",False,43.9,公用事业,28.87,"['煤化工概念', '反内卷概念', '小盘股']","[43.9, 34.62, 32.06]",edge_high,True
double_breakout,600023,2026-03-12,95,True,True,True,True,5.65,5.34,5.892857142857143,,[],"{'breakout_level': 5.57, 'recent_high_10': 5.68, 'volume_ratio': 1.3830073313639084, 'close_in_range': 0.8333333333333366, 'prior_below_breakout': True, 'breakout_pct': 0.014362657091561952, 'prep_tight': True}",76.0,79.0,浙能电力,双突破,46.5,low,False,True,66.67,neutral,1,0.5497,2,0,2.0,"[{'name': '上证指数', 'close': 4095.45, 'ma20': 4121.8745, 'ma60': 4060.614333333333, 'trend_ok': False}, {'name': '沪深300', 'close': 4669.14, 'ma20': 4685.423, 'ma60': 4677.6196666666665, 'trend_ok': False}, {'name': '创业板指', 'close': 3310.28, 'ma20': 3285.1595, 'ma60': 3273.5275000000006, 'trend_ok': True}]",False,34.95,公用事业,28.87,"['超超临界发电', '核能核电', '价值股']","[34.95, 34.42, 33.52]",edge_low,False
pullback_confirmation,000010,2026-03-16,95,True,True,True,True,4.68,4.07,4.974285714285714,,[],"{'breakout_day': '2026-02-27', 'breakout_level': 4.07, 'pullback_low': 4.07}",85.5,90.0,美丽生态,回抽确认,46.0,low,False,True,66.67,neutral,1,0.5497,2,0,2.0,"[{'name': '上证指数', 'close': 4095.45, 'ma20': 4121.8745, 'ma60': 4060.614333333333, 'trend_ok': False}, {'name': '沪深300', 'close': 4669.14, 'ma20': 4685.423, 'ma60': 4677.6196666666665, 'trend_ok': False}, {'name': '创业板指', 'close': 3310.28, 'ma20': 3285.1595, 'ma60': 3273.5275000000006, 'trend_ok': True}]",False,47.13,基础建设,47.13,"['工程建设', '新型城镇化', 'PPP模式']","[43.96, 38.03, 34.55]",edge_high,True
pullback_confirmation,000727,2026-03-16,95,True,True,True,True,2.819999933242798,2.69,2.939999986376081,,[],"{'breakout_day': '2026-03-10', 'breakout_level': 2.73, 'pullback_low': 2.69}",85.5,88.5,冠捷科技,回抽确认,46.0,low,False,True,66.67,neutral,1,0.5497,2,0,2.0,"[{'name': '上证指数', 'close': 4095.45, 'ma20': 4121.8745, 'ma60': 4060.614333333333, 'trend_ok': False}, {'name': '沪深300', 'close': 4669.14, 'ma20': 4685.423, 'ma60': 4677.6196666666665, 'trend_ok': False}, {'name': '创业板指', 'close': 3310.28, 'ma20': 3285.1595, 'ma60': 3273.5275000000006, 'trend_ok': True}]",False,36.92,面板,19.47,"['低价股', '贬值受益', '长江三角']","[36.92, 33.36, 32.15]",edge_low,False
pullback_confirmation,601919,2026-03-16,95,True,True,True,True,16.079999923706055,15.26,18.182857115609302,,[],"{'breakout_day': '2026-03-03', 'breakout_level': 15.49, 'pullback_low': 15.26}",85.5,88.5,中远海控,回抽确认,46.0,low,False,True,66.67,neutral,1,0.5497,2,0,2.0,"[{'name': '上证指数', 'close': 4095.45, 'ma20': 4121.8745, 'ma60': 4060.614333333333, 'trend_ok': False}, {'name': '沪深300', 'close': 4669.14, 'ma20': 4685.423, 'ma60': 4677.6196666666665, 'trend_ok': False}, {'name': '创业板指', 'close': 3310.28, 'ma20': 3285.1595, 'ma60': 3273.5275000000006, 'trend_ok': True}]",False,33.52,交通运输,22.74,"['价值股', '中特估', '海洋经济']","[33.52, 33.42, 32.78]",edge_low,False
pullback_confirmation,601018,2026-03-16,95,True,True,True,True,4.239999771118164,4.21,4.504285738808767,,[],"{'breakout_day': '2026-02-27', 'breakout_level': 4.21, 'pullback_low': 4.21}",85.5,88.5,宁波港,回抽确认,46.0,low,False,True,66.67,neutral,1,0.5497,2,0,2.0,"[{'name': '上证指数', 'close': 4095.45, 'ma20': 4121.8745, 'ma60': 4060.614333333333, 'trend_ok': False}, {'name': '沪深300', 'close': 4669.14, 'ma20': 4685.423, 'ma60': 4677.6196666666665, 'trend_ok': False}, {'name': '创业板指', 'close': 3310.28, 'ma20': 3285.1595, 'ma60': 3273.5275000000006, 'trend_ok': True}]",False,31.42,交通运输,22.74,"['上证180_', '一带一路', '央国企改革']","[31.42, 31.37, 31.29]",edge_low,False
pullback_confirmation,002470,2026-03-16,95,True,True,True,True,3.2699999809265137,2.79,3.710000010899135,,[],"{'breakout_day': '2026-02-27', 'breakout_level': 2.82, 'pullback_low': 2.79}",85.5,84.0,金正大,回抽确认,46.0,low,False,True,66.67,neutral,1,0.5497,2,0,2.0,"[{'name': '上证指数', 'close': 4095.45, 'ma20': 4121.8745, 'ma60': 4060.614333333333, 'trend_ok': False}, {'name': '沪深300', 'close': 4669.14, 'ma20': 4685.423, 'ma60': 4677.6196666666665, 'trend_ok': False}, {'name': '创业板指', 'close': 3310.28, 'ma20': 3285.1595, 'ma60': 3273.5275000000006, 'trend_ok': True}]",True,76.38,复合肥,76.38,"['磷化工', '生态农业', '化工原料']","[49.16, 46.13, 41.28]",crowded,False
n_breakout,300750,2026-03-16,95,True,True,True,True,408.3999938964844,392.7,435.4728529575893,,[],"{'first_break_date': '2026-03-11', 'pullback_low': 392.7, 'prior_high': 403.99, 'pullback_bars': 2, 'close_in_range': 0.6855626032255664, 'volume_ratio': 17.398546336682735}",57.0,61.5,宁德时代,N字突破,46.0,low,False,True,66.67,neutral,1,0.5497,2,0,2.0,"[{'name': '上证指数', 'close': 4095.45, 'ma20': 4121.8745, 'ma60': 4060.614333333333, 'trend_ok': False}, {'name': '沪深300', 'close': 4669.14, 'ma20': 4685.423, 'ma60': 4677.6196666666665, 'trend_ok': False}, {'name': '创业板指', 'close': 3310.28, 'ma20': 3285.1595, 'ma60': 3273.5275000000006, 'trend_ok': True}]",False,46.26,电池,46.26,"['钠离子电池', '固态电池', '锂电池概念']","[38.09, 35.7, 35.47]",edge_high,True
selling_climax,000536,2026-03-16,95,True,True,True,True,5.039999961853027,4.67,4.687499998092651,,[],"{'climax_date': '2026-03-12', 'volume_ratio': 2.7201853391466946, 'drawdown_from_high_60': 0.25, 'reversal_volume_ratio': 18.59828112736218, 'reversal_close_in_range': 0.6923076923076923}",19.0,22.0,华映科技,抛售高潮,40.0,low,False,True,66.67,neutral,1,0.5497,2,0,2.0,"[{'name': '上证指数', 'close': 4095.45, 'ma20': 4121.8745, 'ma60': 4060.614333333333, 'trend_ok': False}, {'name': '沪深300', 'close': 4669.14, 'ma20': 4685.423, 'ma60': 4677.6196666666665, 'trend_ok': False}, {'name': '创业板指', 'close': 3310.28, 'ma20': 3285.1595, 'ma60': 3273.5275000000006, 'trend_ok': True}]",False,31.75,面板,19.47,"['OLED', '深股通', '央国企改革']","[31.75, 31.59, 31.29]",edge_low,True
selling_climax,601611,2026-03-13,95,True,True,True,True,18.78,16.39,16.443499980926514,,[],"{'climax_date': '2026-03-12', 'volume_ratio': 1.9077725768864213, 'drawdown_from_high_60': 0.13134328358208958, 'reversal_volume_ratio': 1.6788134060582551, 'reversal_close_in_range': 0.8250000000000006}",19.0,22.5,中国核建,抛售高潮,38.0,low,False,True,66.67,neutral,1,0.5497,2,0,2.0,"[{'name': '上证指数', 'close': 4095.45, 'ma20': 4121.8745, 'ma60': 4060.614333333333, 'trend_ok': False}, {'name': '沪深300', 'close': 4669.14, 'ma20': 4685.423, 'ma60': 4677.6196666666665, 'trend_ok': False}, {'name': '创业板指', 'close': 3310.28, 'ma20': 3285.1595, 'ma60': 3273.5275000000006, 'trend_ok': True}]",True,53.5,基建市政工程,53.5,"['工程建设', '水利建设', '核能核电']","[43.96, 36.32, 34.42]",strong,False
